COMPOSER,YEAR,INSTR,OPUS,NUMBER,KEY,METER,FORM,MM#,FREQ,M#,GLOBAL_SEC,LOCAL_SEC,CAD,GLOBAL_RN,AMBIG,STAGE_1_CPT,STAGE_2_CPT,STAGE_3_CPT,STAGE_4_CPT,STAGE_5_CPT,STAGE_6_CPT,STAGE_7_CPT,STAGE_8_CPT,STAGE_9_CPT,STAGE_10_CPT,STAGE_11_CPT,STAGE_12_CPT,BL_PAROXY_R,BL_DESCEND_C
"Chopin, Fryderyk Franciszek",1827,piano,B 21/KK IVa,-/13,AbM,3/8,CT,73 (1949 PWM ed.),3,"8,24,56",A,a,IAC,I,N,"[7,1],[1,1]","[7,1.5],[#1,1]","[7,2],[2,5]","[7,2.5],[#2,5]","[7,3],[3,5]","[7,3.5],[1,5]","[8,1],[5,1]",n/a,n/a,n/a,n/a,n/a,0,1
"Chopin, Fryderyk Franciszek",1827,piano,B 21/KK IVa,-/13,AbM,3/8,CT,73 (1949 PWM ed.),1,16,A,a,HC,V,N,"[15,1],[1,5]","[15,1.5],[7,5]","[15,2],[7,7]","[15,2.5],[b7,7]","[15,3],[b7,7]","[15,3.5],[6,7]","[16,1],[6,5]","[16,1.5],[#5,5]","[16,2],[#5,7]","[16,2.5],[5,7]","[16,3],[5,7]",n/a,1,1
"Chopin, Fryderyk Franciszek",1827,piano,B 21/KK IVa,-/13,AbM,3/8,CT,73 (1949 PWM ed.),2,"32,64",A,a,PAC,"V,I",N,"[31,1],[2,5]","[31,1.5],[4,5]","[31,2],[3,5]","[31,2.5],[5,5]","[31,3],[4,5]","[31,3.5],[7,5]","[32,1],[1,1]",n/a,n/a,n/a,n/a,n/a,0,0
"Chopin, Fryderyk Franciszek",1827,piano,B 21/KK IVa,-/13,AbM,3/8,CT,73 (1949 PWM ed.),2,"40,48",A,b,PAC,"V/VI,vi",N,"[39,1],[7,6]","[39,1.5],[3,6]","[39,2],[4,6]","[39,2.5],[3,6]","[39,3],[1,6]","[39,3.5],[7,6]","[40,1],[6,6]",n/a,n/a,n/a,n/a,n/a,0,1
"Chopin, Fryderyk Franciszek",1827,piano,B 21/KK IVa,-/13,AbM,3/8,CT,73 (1949 PWM ed.),1,72,B,n/a,PAC,"V/IV,IV",N,"[71,1],[5,1]","[71,2],[1,3]","[71,2.5],[5,3]","[71,3],[1,1]","[72,1],[4,4]",n/a,n/a,n/a,n/a,n/a,n/a,n/a,0,0
"Chopin, Fryderyk Franciszek",1827,piano,B 46/KK IVa,-/14,EbM,3/4,R,75 (1949 PWM ed.),5,"4,22,39,55,71",A,a,PAC,"V,I",N,"[3,1],[2,5]","[3,2],[3,2]","[3,2.5],[2,2]","[3,3],[#1,2]","[3,3.5],[2,2]","[4,1],[3,1]","[4,2],[1,1]",n/a,n/a,n/a,n/a,n/a,1,1
"Chopin, Fryderyk Franciszek",1827,piano,B 46/KK IVa,-/14,EbM,3/4,R,75 (1949 PWM ed.),5,"8,26,43,59,75",A,a,PAC,"V,I",N,"[7,1],[2,5]","[7,2],[3,2]","[7,2.5],[2,2]","[7,3],[6,2]","[7,3.5],[7,2]","[8,1],[1,1]",n/a,n/a,n/a,n/a,n/a,n/a,0,0
"Chopin, Fryderyk Franciszek",1827,piano,B 46/KK IVa,-/14,EbM,3/4,R,75 (1949 PWM ed.),2,"13,17",A,b,PAC,"V,I",N,"[12,1],[2,5]","[12,2],[7,2]","[12,3],[7,2]","[12,3.75],[2,2]","[13,1],[1,1]",n/a,n/a,n/a,n/a,n/a,n/a,n/a,0,0
"Chopin, Fryderyk Franciszek",1827,piano,B 46/KK IVa,-/14,EbM,3/4,R,75 (1949 PWM ed.),1,34,B,n/a,IAC,"V,I",N,"[33,1],[3,5]","[33,1.75],[2,5]","[33,2],[2,5]","[33,2.5],[6,5]","[33,3],[5,5]","[33,3.5],[4,5]","[34,1],[3,1]",n/a,n/a,n/a,n/a,n/a,0,1
"Chopin, Fryderyk Franciszek",1827,piano,B 46/KK IVa,-/14,EbM,3/4,R,75 (1949 PWM ed.),1,47,C,n/a,HC,"I,V",N,"[46,1],[5,1]","[46,1.75],[5,1]","[46,2],[5,1]","[46,2.75],[1,1]","[46,3],[5,1]","[46,3.5],[1,1]","[47,1],[2,5]",n/a,n/a,n/a,n/a,n/a,0,0
"Chopin, Fryderyk Franciszek",1827,piano,B 46/KK IVa,-/14,EbM,3/4,R,75 (1949 PWM ed.),1,51,C,n/a,PAC,"V,I",N,"[50,1],[5,5]","[50,1.75],[5,5]","[50,2],[5,5]","[50,2.5],[7,5]","[50,3],[5,5]","[50,3.5],[7,5]","[51,1],[1,1]",n/a,n/a,n/a,n/a,n/a,0,0
"Chopin, Fryderyk Franciszek",1827,piano,B 46/KK IVa,-/14,EbM,3/4,R,75 (1949 PWM ed.),1,63,D,n/a,PAC,"V,I",N,"[62,1],[5,5]","[62,1.75],[5,5]","[62,2],[5,5]","[62,3],[5,5]","[63,1],[5,1]","[63,2],[1,1]",n/a,n/a,n/a,n/a,n/a,n/a,1,0
"Chopin, Fryderyk Franciszek",1827,piano,B 46/KK IVa,-/14,EbM,3/4,R,75 (1949 PWM ed.),1,67,D,n/a,PAC,"V,I",N,"[66,1],[5,5]","[66,1.75],[5,5]","[66,2],[5,5]","[66,3],[5,5]","[67,1],[1,1]",n/a,n/a,n/a,n/a,n/a,n/a,n/a,0,0
"Chopin, Fryderyk Franciszek",1829,piano,B 44/KK IVa,-/12,EM,3/4,CT,124 (1949 PWM ed.),8,"12,20,44,52,80,88,112,120",A,a,PC,"iv,I",Y,"[11,1],[1,4]","[11,2.5],[2,4]","[11,3],[1,4]","[12,1],[3,1]",n/a,n/a,n/a,n/a,n/a,n/a,n/a,n/a,0,0
"Chopin, Fryderyk Franciszek",1829,piano,B 44/KK IVa,-/12,EM,3/4,CT,124 (1949 PWM ed.),4,"24,56,92,124",A,a,PAC,"V,I",N,"[23,1],[5,5]","[23,2],[6,2]","[23,3],[5,2]","[24,1],[1,1]",n/a,n/a,n/a,n/a,n/a,n/a,n/a,n/a,0,0
"Chopin, Fryderyk Franciszek",1829,piano,B 44/KK IVa,-/12,EM,3/4,CT,124 (1949 PWM ed.),2,"32,100",A,b,PAC,"V/III,iii",N,"[31,1],[5,7]","[31,2],[#4,7]","[31,3],[7,7]","[32,1],[#4,3]","[32,2],[#4,7]","[32,2.5],[3,7]",n/a,n/a,n/a,n/a,n/a,n/a,1,1
"Chopin, Fryderyk Franciszek",1829,piano,B 44/KK IVa,-/12,EM,3/4,CT,124 (1949 PWM ed.),2,"40,108",A,b,PAC,"V/III,iii",N,"[39,1],[5,7]","[39,2],[#4,#2]","[39,3],[7,7]","[40,1],[3,3]",n/a,n/a,n/a,n/a,n/a,n/a,n/a,n/a,0,1
"Chopin, Fryderyk Franciszek",1829,piano,B 44/KK IVa,-/12,EM,3/4,CT,124 (1949 PWM ed.),1,64,B,n/a,PAC,"V,I",N,"[63,1],[2,5]","[63,2],[4,7]","[63,2.5],[3,7]","[63,3],[2,5]","[64,1],[1,1]",n/a,n/a,n/a,n/a,n/a,n/a,n/a,2,2
"Chopin, Fryderyk Franciszek",1829,piano,B 44/KK IVa,-/12,EM,3/4,CT,124 (1949 PWM ed.),1,72,B,n/a,PAC,"V/IV,IV",N,"[71,1],[1,1]","[71,1.5],[4,1]","[71,2],[b7,1]","[71,2.5],[6,1]","[71,3],[1,3]","[71,3.5],[5,3]","[72,1],[4,4]",n/a,n/a,n/a,n/a,n/a,0,1
"Chopin, Fryderyk Franciszek",1829,piano,69,2,Bm,3/4,CT,176 (1855 FFE),6,"8,24,56*,88*,136,168*",A,a,HC,"iv,V",Y,"[7,2],[4,6]","[7,3],[2,6]","[8,1],[2,1]","[8,1.5],[1,1]","[8,2],[#7,5]","[8,2.5],[6,5]","[8,3],[5,5]",n/a,n/a,n/a,n/a,n/a,1,1
"Chopin, Fryderyk Franciszek",1829,piano,69,2,Bm,3/4,CT,176 (1855 FFE),6,"16,32,64,96,144,176*",A,a,PAC,"V,i",N,"[15,3],[2,#7]","[15,3.5],[5,#7]","[16,1],[1,1]",n/a,n/a,n/a,n/a,n/a,n/a,n/a,n/a,n/a,0,1
"Chopin, Fryderyk Franciszek",1829,piano,69,2,Bm,3/4,CT,176 (1855 FFE),3,"40,72,152",A,b,HC,"iv,V",N,"[39,1],[5,6]","[39,2.5],[4,6]","[39,3],[1,6]","[39,3.5],[2,6]","[40,1],[#7,5]",n/a,n/a,n/a,n/a,n/a,n/a,n/a,0,1
"Chopin, Fryderyk Franciszek",1829,piano,69,2,Bm,3/4,CT,176 (1855 FFE),3,"48,80,160",A,b,HC,"iv,V",Y,"[47,1],[5,6]","[47,2.5],[4,6]","[47,3],[5]","[47,3.5],[4]","[48,1],[3,5]","[48,1.5],[2,5]","[48,2],[b2,5]","[48,2.5],[1,5]","[48,3],[#7,#7]",n/a,n/a,n/a,1,1
"Chopin, Fryderyk Franciszek",1829,piano,69,2,Bm,3/4,CT,176 (1855 FFE),2,"104,120",B,n/a,HC,"I,V",N,"[103,1],[#3,1]","[103,2],[1,5]","[103,2.75],[1,5]","[103,3],[1,5]","[104,1],[#7,5]",n/a,n/a,n/a,n/a,n/a,n/a,n/a,2,2
"Chopin, Fryderyk Franciszek",1829,piano,69,2,Bm,3/4,CT,176 (1855 FFE),1,112,B,n/a,PAC,"V/V,V",N,"[111,1],[1,2]","[111,2],[#6,#6]","[111,2.75],[#6,#6]","[111,3],[#6,#6]","[112,1],[5,5]",n/a,n/a,n/a,n/a,n/a,n/a,n/a,0,1
"Chopin, Fryderyk Franciszek",1829,piano,69,2,Bm,3/4,CT,176 (1855 FFE),1,127,B,n/a,HC,"Fr6,V",N,"[126,1],[3,6]","[126,2],[2,2]","[126,2.75],[2,2]","[126,3],[1,2]","[127,1],[#7,5]","[127,2],[2,2]",n/a,n/a,n/a,n/a,n/a,n/a,1,0
"Chopin, Fryderyk Franciszek",1829,piano,70,3,DbM,3/4,CT,74 (1855 FFE),2,"4,12",A,a,HC,"V/V,V",N,"[3,3],[6,2]","[3,3.5],[2,2]","[4,1],[1,5]","[4,1.5],[7,5]","[4,2],[6,5]","[4,2.5],[7,5]","[4,3],[5,5]",n/a,n/a,n/a,n/a,n/a,1,1
"Chopin, Fryderyk Franciszek",1829,piano,70,3,DbM,3/4,CT,74 (1855 FFE),2,"8,16",A,a,PAC,"V,I",N,"[7,3],[6,5]","[7,3.5],[7,5]","[8,1],[1,1]",n/a,n/a,n/a,n/a,n/a,n/a,n/a,n/a,n/a,0,0
"Chopin, Fryderyk Franciszek",1829,piano,70,3,DbM,3/4,CT,74 (1855 FFE),2,"24,32",A,b,PAC,"V,I",N,"[23,1],[6,5]","[23,1.5],[5,5]","[23,2],[6,5]","[23,2.5],[5,5]","[23,3],[6,5]","[23,3.5],[5,5]","[24,1],[1,1]",n/a,n/a,n/a,n/a,n/a,0,0
"Chopin, Fryderyk Franciszek",1829,piano,70,3,DbM,3/4,CT,74 (1855 FFE),2,"40,66",B,a,HC,"V,V/IV",N,"[39,3],[7,2]","[40,1],[2,1]","[40,2],[1,1]",n/a,n/a,n/a,n/a,n/a,n/a,n/a,n/a,n/a,0,1
"Chopin, Fryderyk Franciszek",1829,piano,70,3,DbM,3/4,CT,74 (1855 FFE),2,"48,74",B,a,PAC,"V/IV,IV",N,"[47,1],[1,3]","[47,1.5],[1,2]","[47,2],[1]","[47,2.5],[b7]","[47,3],[1,6]","[47,3.5],[1,5]","[48,1],[4,4]",n/a,n/a,n/a,n/a,n/a,0,1
"Chopin, Fryderyk Franciszek",1829,piano,70,3,DbM,3/4,CT,74 (1855 FFE),1,57,B,b,PAC,"V,I",N,"[56,1],[3,5]","[56,2.5],[2,5]","[56,3],[3,5]","[56,3.5],[2,5]","[57,1],[1,1]",n/a,n/a,n/a,n/a,n/a,n/a,n/a,0,1
"Chopin, Fryderyk Franciszek",1830,piano,B 56/KK IVa,-/15,Em,3/4,CT,172,3,"16,48,145",A,a,PAC,"V,i",N,"[15,1],[3,5]","[15,2],[2,2]","[15,2.5],[#7,2]","[15,3],[4,5]","[16,1],[1,1]","[16,1.5],[6,1]","[16,2],[5]","[16,2.5],[3]","[16,3],[1]",n/a,n/a,n/a,1,1
"Chopin, Fryderyk Franciszek",1830,piano,B 56/KK IVa,-/15,Em,3/4,CT,172,2,"24,56",A,a,PAC,"V,i",N,"[23,1],[3,5]","[23,2],[2,2]","[23,2.5],[#7,2]","[23,3],[4,5]","[24,1],[1,1]",n/a,n/a,n/a,n/a,n/a,n/a,n/a,0,1
"Chopin, Fryderyk Franciszek",1830,piano,B 56/KK IVa,-/15,Em,3/4,CT,172,1,32,A,b,IAC,"V,i",N,"[31,1],[2,5]","[31,1.5],[3,5]","[31,2],[4,2]","[31,2.5],[#4,2]","[31,3],[5,#7]","[31,3.5],[2,#7]","[32,1],[4,1]","[32,3],[3,1]",n/a,n/a,n/a,n/a,1,1
"Chopin, Fryderyk Franciszek",1830,piano,B 56/KK IVa,-/15,Em,3/4,CT,172,1,40,A,b,PAC,"V,i",N,"[39,1],[2,5]","[39,1.5],[2,5]","[39,2],[5,2]","[39,2.5],[2,2]","[39,3],[3,5]","[39,3.5],[2,5]","[40,1],[1,1]",n/a,n/a,n/a,n/a,n/a,0,1
"Chopin, Fryderyk Franciszek",1830,piano,B 56/KK IVa,-/15,Em,3/4,CT,172,4,"65,81,105,129",B,a,IAC,"V,I",N,"[64,1],[2,5]","[64,1.5],[#3,5]","[64,2],[2,#7]","[64,2.5],[1,#7]","[64,3],[#7,5]","[64,3.5],[#6,5]","[65,1],[#6,1]","[65,3],[5,1]",n/a,n/a,n/a,n/a,1,1
"Chopin, Fryderyk Franciszek",1830,piano,B 56/KK IVa,-/15,Em,3/4,CT,172,4,"73,89,113,137",B,a,PAC,"V,I",N,"[72,1],[2,5]","[72,2],[#1,#7]","[72,2.5],[2,#7]","[72,3],[4,5]","[72,3.5],[#3,5]","[73,1],[1,1]",n/a,n/a,n/a,n/a,n/a,n/a,0,1
"Chopin, Fryderyk Franciszek",1830,piano,B 56/KK IVa,-/15,Em,3/4,CT,172,2,"97,121",B,b,IAC,"V/#III,#iii",N,"[96,1],[#7,#7]","[96,2.5],[#7,#6]","[96,3],[#7,5]","[96,3.5],[#7,#4]","[97,1],[5,#3]",n/a,n/a,n/a,n/a,n/a,n/a,n/a,0,1
"Chopin, Fryderyk Franciszek",1830,piano,B 56/KK IVa,-/15,Em,3/4,CT,172,1,160,A',a,PAC,"V,i",N,"[159,1],[#7,5]","[159,1.5],[6,5]","[159,2],[5]","[159,2.5],[4]","[159,3],[3]","[159,3.5],[2]","[160,1],[1,1]",n/a,n/a,n/a,n/a,n/a,0,1
"Chopin, Fryderyk Franciszek",1830,piano,B 56/KK IVa,-/15,Em,3/4,CT,172,1,164,A',a,PAC,"V,i",N,"[163,1],[1,1]","[163,1.5],[5,1]","[163,2],[#4]","[163,2.5],[5]","[163,3],[2,1]","[163,3.5],[3,1]","[164,1],[1,1]",n/a,n/a,n/a,n/a,n/a,0,1
"Chopin, Fryderyk Franciszek",1830,piano,B 56/KK IVa,-/15,Em,3/4,CT,172,2,"170,172",A',a,PAC,"V,i",Y,"[169,1],[5,5]","[170,1],[1,1]",n/a,n/a,n/a,n/a,n/a,n/a,n/a,n/a,n/a,n/a,0,0
"Chopin, Fryderyk Franciszek",1832-1833,piano,70,1,GbM,3/4,CT,96,4,"8,16,88,96",A,a,PAC,"V,I",N,"[7,1],[5,5]","[7,1.33],[6,5]","[7,1.66],[5,5]","[7,2],[4,5]","[7,2.5],[7,5]","[7,3],[2,5]","[7,3.5],[7,5]","[8,1],[1,1]",n/a,n/a,n/a,n/a,0,0
"Chopin, Fryderyk Franciszek",1832-1833,piano,70,1,GbM,3/4,CT,96,2,"24,32",A,b,PAC,"V/V,V",N,"[23,1],[6,2]","[23,1.5],[#1,2]","[23,2],[2,2]","[23,2.5],[#4,2]","[23,3],[2,2]","[23,3.5],[#4,2]","[24,1],[5,5]",n/a,n/a,n/a,n/a,n/a,0,0
"Chopin, Fryderyk Franciszek",1832-1833,piano,70,1,GbM,3/4,CT,96,4,"36,44,60,76",B,a,IAC,"V,I",N,"[35,1],[6,5]","[35,2.5],[5,5]","[35,3],[5,5]","[35,3.75],[5,5]","[36,1],[6,1]","[36,2.5],[5,1]","[36,3],[5,1]",n/a,n/a,n/a,n/a,n/a,1,1
"Chopin, Fryderyk Franciszek",1832-1833,piano,70,1,GbM,3/4,CT,96,4,"40,48,64,80",B,a,PAC,"V,I",N,"[39,1],[6,5]","[39,2.5],[5,5]","[39,3],[5,5]","[39,3.75],[5,5]","[40,1],[6,1]",n/a,n/a,n/a,n/a,n/a,n/a,n/a,0,0
"Chopin, Fryderyk Franciszek",1832-1833,piano,70,1,GbM,3/4,CT,96,2,"56,72",B,b,PAC,"V/V,V",N,"[55,1],[1,2]","[55,2],[7,6]","[55,3],[1,6]","[56,1],[2,5]",n/a,n/a,n/a,n/a,n/a,n/a,n/a,n/a,0,0
"Chopin, Fryderyk Franciszek",1831-1833,piano,18,"n/a ""Grande""",EbM,3/4,CT,311,4,"12,45,200,232",A,a,PAC,"V,I",N,"[11,1],[3,5]","[11,2],[4,2]","[11,2.5],[3,2]","[11,3],[2,5]","[12,1],[2,1]","[12,2],[3,1]","[12,2.5],[2,1]","[12,3],[1,1]",n/a,n/a,n/a,n/a,1,1
"Chopin, Fryderyk Franciszek",1831-1833,piano,18,"n/a ""Grande""",EbM,3/4,CT,311,3,"20,53,208",A,a,PAC,"V,I",N,"[19,1],[5,5]","[19,1.5],[3,5]","[19,2],[4,2]","[19,2.5],[3,2]","[19,3],[2,5]","[20,1],[1,1]",n/a,n/a,n/a,n/a,n/a,n/a,0,1
"Chopin, Fryderyk Franciszek",1831-1833,piano,18,"n/a ""Grande""",EbM,3/4,CT,311,2,"29,61,216",A,b,IAC,"V/IV,IV",N,"[28,1],[2,1]","[28,2],[1,b7]","[28,2.5],[b7,b7]","[28,3],[3,b7]","[29,1],[5,4]","[29,2],[4,6]","[29,2.5],[1,6]","[29,3],[6,6]",n/a,n/a,n/a,n/a,1,1
"Chopin, Fryderyk Franciszek",1831-1833,piano,18,"n/a ""Grande""",EbM,3/4,CT,311,2,"37,69,224",A,b,PAC,"V/IV,iV",N,"[36,1],[2,1]","[36,2],[1,b7]","[36,2.5],[b7,b7]","[36,3],[3,b7]","[37,1],[4,4]",n/a,n/a,n/a,n/a,n/a,n/a,n/a,0,0
"Chopin, Fryderyk Franciszek",1831-1833,piano,18,"n/a ""Grande""",EbM,3/4,CT,311,2,"77,110",B,a,PAC,bVII,N,"[76,1],[b3,b7]","[76,2],[2,b7]","[76,3],[1,b7]","[77,1],[b7,b7]",n/a,n/a,n/a,n/a,n/a,n/a,n/a,n/a,0,1
"Chopin, Fryderyk Franciszek",1831-1833,piano,18,"n/a ""Grande""",EbM,3/4,CT,311,2,"85,118",B,a,PAC,"V/bVII,bVII",N,"[83,3],[2,4]","[84,2],[2,1]","[84,2.5],[2,1]","[84,3],[1,1]","[85,1],[b7,b7]",n/a,n/a,n/a,n/a,n/a,n/a,n/a,0,1
"Chopin, Fryderyk Franciszek",1831-1833,piano,18,"n/a ""Grande""",EbM,3/4,CT,311,2,"90,98",B,b,IAC,IV,Y,"[90,1],[4,4]","[90,1.33],[5,4]","[90,1.66],[4,4]","[90,2],[2,7]","[90,2.5],[7,2]","[90,3],[1,1]",n/a,n/a,n/a,n/a,n/a,n/a,1,1
"Chopin, Fryderyk Franciszek",1831-1833,piano,18,"n/a ""Grande""",EbM,3/4,CT,311,2,"94,101*",B,b,PAC,"V/IV,IV",N,"[93,1],[1,1]","[93,1.33],[2,1]","[93,1.66],[1,1]","[93,2],[7,3]","[93,2.5],[1,3]","[93,3],[6,1]","[93,3.5],[5,1]","[94,1],[4,4]",n/a,n/a,n/a,n/a,0,1
"Chopin, Fryderyk Franciszek",1831-1833,piano,18,"n/a ""Grande""",EbM,3/4,CT,311,2,"126,159",B,c,PAC,"V/bVII,bVII",N,"[125,1],[2,4]","[125,2.5],[1,1]","[125,3],[1,1]","[126,1],[6,b7]","[126,2.5],[b7,b7]","[126,3],[b7,b7]",n/a,n/a,n/a,n/a,n/a,n/a,1,0
"Chopin, Fryderyk Franciszek",1831-1833,piano,18,"n/a ""Grande""",EbM,3/4,CT,311,2,"134,167",B,c,PAC,"V/bVII,bVII",N,"[133,1],[2,4]","[133,2.5],[1,1]","[133,3],[1,1]","[134,1],[b7,b7]",n/a,n/a,n/a,n/a,n/a,n/a,n/a,n/a,0,1
"Chopin, Fryderyk Franciszek",1831-1833,piano,18,"n/a ""Grande""",EbM,3/4,CT,311,1,143,B,d,IAC,v,Y,"[142,1],[b7,5]","[142,2],[#4,2]","[142,3],[5,2]","[143,1],[b7,5]",n/a,n/a,n/a,n/a,n/a,n/a,n/a,n/a,0,0
"Chopin, Fryderyk Franciszek",1831-1833,piano,18,"n/a ""Grande""",EbM,3/4,CT,311,2,"172,180",B,e,IAC,"V/bIII,bIII",Y,"[171,1],[4,b7]","[171,1.5],[5,b7]","[171,2],[4,b7]","[171,2.5],[3,b7]","[171,3],[4,b7]","[171,3.5],[#4,b7]","[172,1],[5,b3]",n/a,n/a,n/a,n/a,n/a,2,2
"Chopin, Fryderyk Franciszek",1831-1833,piano,18,"n/a ""Grande""",EbM,3/4,CT,311,2,"176,184",B,e,PAC,"V/bIII,bIII",N,"[175,1],[4,b7]","[175,1.33],[5,b7]","[175,1.66],[4,b7]","[175,2],[3,b7]","[175,2.5],[4,b7]","[175,3],[b6,b7]","[175,3.5],[5,b7]","[176,1],[b3,b3]",n/a,n/a,n/a,n/a,0,1
"Chopin, Fryderyk Franciszek",1831-1833,piano,18,"n/a ""Grande""",EbM,3/4,CT,311,1,263,CD,n/a,PAC,"V,I",N,"[262,1],[#4,1]","[262,2],[4,1]","[262,3],[2,1]","[263,1],[1,1]",n/a,n/a,n/a,n/a,n/a,n/a,n/a,n/a,0,1
"Chopin, Fryderyk Franciszek",1831-1833,piano,18,"n/a ""Grande""",EbM,3/4,CT,311,1,291,CD,n/a,PAC,"V,I",N,"[290,1],[b6]","[290,1.5],[3]","[290,2],[b6]","[290,2.5],[4]","[290,3],[2]","[290,3.5],[7]","[291,1],[1]",n/a,n/a,n/a,n/a,n/a,0,1
"Chopin, Fryderyk Franciszek",1831-1833,piano,18,"n/a ""Grande""",EbM,3/4,CT,311,1,"299,307",CD,n/a,PAC,I,Y,"[298,1],[6,3]","[298,1.5],[5,3]","[298,2],[3,3]","[298,2.5],[4,3]","[298,3],[#4,3]","[298,3.5],[5,3]","[299,1],[1,3]",n/a,n/a,n/a,n/a,n/a,0,0
"Chopin, Fryderyk Franciszek",1831-1833,piano,34,2,Am,3/4,CT,204,3,"8,160,196",IN,n/a,HC,V,N,"[7,1],[2,5]","[7,2],[3,5]","[7,2.5],[2,5]","[7,3],[#1,5]","[7,3.5],[2,5]","[8,1],[5,5]",n/a,n/a,n/a,n/a,n/a,n/a,0,0
"Chopin, Fryderyk Franciszek",1831-1833,piano,34,2,Am,3/4,CT,204,3,"16,168,204",IN,n/a,PAC,"V,i",N,"[15,1],[2,5]","[15,3],[3,5]","[15,3.5],[2,5]","[16,1],[1,1]",n/a,n/a,n/a,n/a,n/a,n/a,n/a,n/a,0,1
"Chopin, Fryderyk Franciszek",1831-1833,piano,34,2,Am,3/4,CT,204,2,"24,92",A,a,HC,"iv,V",N,"[23,1],[5,6]","[23,1.5],[4,6]","[23,2],[4,6]","[23,2.5],[1,6]","[23,3],[3,6]","[23,3.5],[2,6]","[24,1],[1,5]","[24,1.5],[#7,5]","[24,2],[2,5]",n/a,n/a,n/a,1,0
"Chopin, Fryderyk Franciszek",1831-1833,piano,34,2,Am,3/4,CT,204,2,"36,104",A,a,PAC,"V,i",N,"[35,1],[3,5]","[35,2.5],[5,5]","[35,3],[3,5]","[35,3.5],[2,5]","[36,1],[1,1]",n/a,n/a,n/a,n/a,n/a,n/a,n/a,0,1
"Chopin, Fryderyk Franciszek",1831-1833,piano,34,2,Am,3/4,CT,204,2,"44,112",A,b,PAC,"V,i",N,"[43,1],[5,5]","[43,2],[#4,2]","[43,2.5],[4,5]","[43,3],[3,#6]","[43,3.5],[2,#7]","[44,1],[2,1]","[44,2],[1,5]",n/a,n/a,n/a,n/a,n/a,1,1
"Chopin, Fryderyk Franciszek",1831-1833,piano,34,2,Am,3/4,CT,204,2,"52,120",A,b,PAC,"V,i",Y,"[51,1],[5,5]","[51,2],[#4,2]","[51,2.5],[4,2]","[51,3],[3,#7]","[51,3.5],[2,#7]","[52,1],[1,4]",n/a,n/a,n/a,n/a,n/a,n/a,2,1
"Chopin, Fryderyk Franciszek",1831-1833,piano,34,2,Am,3/4,CT,204,4,"60,76*,128,144*",B,n/a,HC,"ii,V",N,"[59,1],[#6,4]","[59,2],[#5,4]","[59,2.5],[#6,4]","[59,3],[5,2]","[59,3.5],[4,2]","[60,1],[2,5]",n/a,n/a,n/a,n/a,n/a,n/a,0,1
"Chopin, Fryderyk Franciszek",1831-1833,piano,34,2,Am,3/4,CT,204,4,"68,84*,136,152*",B,n/a,PAC,"V,I",N,"[67,1],[#6,5]","[67,1.5],[1,5]","[67,2],[#6,5]","[67,2.5],[4,5]","[67,3],[#3,5]","[67,3.5],[5,5]","[68,1],[1,1]",n/a,n/a,n/a,n/a,n/a,0,0
"Chopin, Fryderyk Franciszek",1831-1833,piano,34,2,Am,3/4,CT,204,2,"180,184",CD,n/a,HC,V/V,Y,"[180,1],[#6,#4]","[180,1.5],[#6,#3]","[180,2],[#7,2]","[180,2.5],[#7,#6]","[180,3],[#4,2]",n/a,n/a,n/a,n/a,n/a,n/a,n/a,1,1
"Chopin, Fryderyk Franciszek",1835,piano,69,1,AbM,3/4,CT,129,4,"8,24,56,121",A,a,IAC,"V,I",N,"[7,2],[7,5]","[7,2.5],[6,5]","[7,3],[5,5]","[7,3.5],[4,5]","[8,1],[#2,1]","[8,2],[#2,5]","[8,3],[3,5]",n/a,n/a,n/a,n/a,n/a,1,0
"Chopin, Fryderyk Franciszek",1835,piano,69,1,AbM,3/4,CT,129,4,"16,32,64,129",A,a,PAC,"V,I",N,"[15,1],[5,5]","[15,1.33],[6,5]","[15,1.66],[5,5]","[15,2],[#4,5]","[15,2.5],[5,5]","[15,3],[4,5]","[15,3.5],[3,5]","[16,1],[1,1]",n/a,n/a,n/a,n/a,0,1
"Chopin, Fryderyk Franciszek",1835,piano,69,1,AbM,3/4,CT,129,2,"40,48",A,b,PAC,"V/V,V",N,"[39,1],[2,2]","[39,1.33],[3,2]","[39,1.66],[2,2]","[39,2],[#1,1]","[39,2.5],[2,1]","[39,3],[1,2]","[39,3.5],[7,2]","[40,1],[6,5]","[40,2],[6,7]","[40,2.5],[5,7]",n/a,n/a,1,1
"Chopin, Fryderyk Franciszek",1835,piano,69,1,AbM,3/4,CT,129,4,"73,81,97,113",B,a,IAC,"V,I",N,"[72,1],[2,5]","[72,2],[2,2]","[72,3],[6,5]","[72,3.33],[7,5]","[72,3.66],[6,5]","[73,1],[5,1]",n/a,n/a,n/a,n/a,n/a,n/a,0,1
"Chopin, Fryderyk Franciszek",1835,piano,69,1,AbM,3/4,CT,129,2,"89,105",B,b,HC,"I,V",N,"[89,1],[1,1]","[89,2],[2,7]",n/a,n/a,n/a,n/a,n/a,n/a,n/a,n/a,n/a,n/a,1,0
"Chopin, Fryderyk Franciszek",1835-1838,piano,34,1,AbM,3/4,CT,306,4,"20,28,181,189",A,a,PAC,"V,I",Y,"[19,1],[3,5]","[19,2],[2,5]","[19,3],[3,5]","[20,1],[2,1]","[20,2],[1,5]",n/a,n/a,n/a,n/a,n/a,n/a,n/a,1,1
"Chopin, Fryderyk Franciszek",1835-1838,piano,34,1,AbM,3/4,CT,306,4,"24,32,185,193",A,a,PAC,"V/V,V",N,"[23,1],[7,2]","[23,2],[6,6]","[23,3],[7,6]","[24,1],[6,5]","[24,2],[5,5]",n/a,n/a,n/a,n/a,n/a,n/a,n/a,1,1
"Chopin, Fryderyk Franciszek",1835-1838,piano,34,1,AbM,3/4,CT,306,4,"40,48,201,209",A,a,PAC,"V,I",N,"[39,1],[7,5]","[39,1.5],[4,5]","[39,2],[5,2]","[39,2.5],[7,2]","[39,3],[4,2]","[39,3.5],[7,2]","[40,1],[1,1]",n/a,n/a,n/a,n/a,n/a,0,0
"Chopin, Fryderyk Franciszek",1835-1838,piano,34,1,AbM,3/4,CT,306,5,"65,81,161*,177*,225",A,b,PAC,"V,I",N,"[64,1],[6,5]","[64,2.5],[6,2]","[64,3],[6,5]","[64,3.75],[7,5]","[65,1],[1,1]",n/a,n/a,n/a,n/a,n/a,n/a,n/a,0,1
"Chopin, Fryderyk Franciszek",1835-1838,piano,34,1,AbM,3/4,CT,306,3,"89,105,137",B,a,IAC,IV,N,"[88,1],[5,4]","[88,2],[4,4]","[88,3],[2,4]","[89,1],[1,4]","[89,2.5],[1,4]","[89,3],[1,4]",n/a,n/a,n/a,n/a,n/a,n/a,0,1
"Chopin, Fryderyk Franciszek",1835-1838,piano,34,1,AbM,3/4,CT,306,1,97,B,a,PAC,"V/IV,IV",Y,"[96,1],[b7,1]","[96,2.5],[6,5]","[96,3],[6,5]","[96,3.75],[5,5]","[97,1],[5,4]","[97,2.5],[4,4]",n/a,n/a,n/a,n/a,n/a,n/a,1,1
"Chopin, Fryderyk Franciszek",1835-1838,piano,34,1,AbM,3/4,CT,306,2,"113,145",B,a,PAC,"V/IV,IV",N,"[112,1],[b7,1]","[112,2.5],[6,5]","[112,3],[6,5]","[112,3.75],[5,5]","[113,1],[4,4]",n/a,n/a,n/a,n/a,n/a,n/a,n/a,0,1
"Chopin, Fryderyk Franciszek",1835-1838,piano,34,1,AbM,3/4,CT,306,2,"121,129",B,b,HC,"vii/VI,V/II",N,"[120,1],[3,#5]","[120,2],[3,4]","[120,3],[2,4]","[121,1],[#1,6]",n/a,n/a,n/a,n/a,n/a,n/a,n/a,n/a,0,1
"Chopin, Fryderyk Franciszek",1835-1838,piano,34,1,AbM,3/4,CT,306,2,"254,262",CD,n/a,IAC,"V,I",N,"[253,1],[4,2]","[253,1.5],[5,2]","[253,2],[7,5]","[253,2.5],[4,5]","[253,3],[6,5]","[253,3.5],[5,5]","[254,1],[3,1]",n/a,n/a,n/a,n/a,n/a,0,1
"Chopin, Fryderyk Franciszek",1835-1838,piano,34,1,AbM,3/4,CT,306,2,"285,293",CD,n/a,IAC,"V,I",Y,"[284,2.75],[5,5]","[284,3],[5,5]","[285,2.75],[5,5]","[285,3],[5,5]",n/a,n/a,n/a,n/a,n/a,n/a,n/a,n/a,1,0
"Chopin, Fryderyk Franciszek",1835-1838,piano,34,1,AbM,3/4,CT,306,3,"298,300,302",CD,n/a,IAC,I,Y,"[297,1],[5,5]","[297,1.33],[6,5]","[297,1.66],[5,5]","[297,2],[#4,5]","[297,2.5],[5,5]","[297,3],[1,5]","[297,3.5],[2,5]","[298,1],[3,1]",n/a,n/a,n/a,n/a,0,0
"Chopin, Fryderyk Franciszek",1835-1838,piano,34,3,FM,3/4,CT,173,3,"24,40,136",A,n/a,PAC,I,N,"[23,1],[1,1]","[23,1.5],[7,1]","[23,2],[1,3]","[23,2.5],[3,3]","[23,3],[5,3]","[23,3.5],[7,3]","[24,1],[1,1]","[24,1.5],[3,1]","[24,2],[5,5]","[24,2.5],[7,5]","[24,3],[1,5]",n/a,2,0
"Chopin, Fryderyk Franciszek",1835-1838,piano,34,3,FM,3/4,CT,173,2,"32,48",A,n/a,PAC,I,N,"[31,1],[1,1]","[31,1.5],[7,1]","[31,2],[1,3]","[31,2.5],[3,3]","[31,3],[5,3]","[31,3.5],[7,3]","[32,1],[1,1]",n/a,n/a,n/a,n/a,n/a,0,0
"Chopin, Fryderyk Franciszek",1835-1838,piano,34,3,FM,3/4,CT,173,2,"56,72",B,a,IAC,"V/IV,IV",Y,"[55,1],[#4,1]","[55,1.5],[5,1]","[55,2],[6,1]","[55,2.5],[5,1]","[55,3],[2,1]","[55,3.5],[1,1]","[56,1],[#5,4]","[56,1.5],[6,4]","[56,2],[b7,4]","[56,2.5],[6,4]",n/a,n/a,1,0
"Chopin, Fryderyk Franciszek",1835-1838,piano,34,3,FM,3/4,CT,173,2,"64,80",B,a,PAC,"V/IV,IV",N,"[63,1],[#4,1]","[63,1.5],[5,1]","[63,2],[6,1]","[63,2.5],[5,1]","[63,3],[2,1]","[63,3.5],[1,1]","[64,1],[4,4]",n/a,n/a,n/a,n/a,n/a,0,0
"Chopin, Fryderyk Franciszek",1835-1838,piano,34,3,FM,3/4,CT,173,2,"96,112",B,b,PAC,"V,I",N,"[95,1],[7,5]","[95,2],[7,4]","[96,1],[1,1]",n/a,n/a,n/a,n/a,n/a,n/a,n/a,n/a,n/a,0,0
"Chopin, Fryderyk Franciszek",1835-1838,piano,34,3,FM,3/4,CT,173,1,126,B,b,HC,"Fr6,V",N,"[125,1],[#4,b6]","[125,2],[#4,2]","[126,1],[5,5]",n/a,n/a,n/a,n/a,n/a,n/a,n/a,n/a,n/a,0,0
"Chopin, Fryderyk Franciszek",1835-1838,piano,34,3,FM,3/4,CT,173,1,151,CD,n/a,PAC,"V,I",N,"[150,1],[6,5]","[150,1.5],[5,5]","[150,2],[4,5]","[150,2.5],[7,5]","[150,3],[3,5]","[150,3.5],[2,5]","[151,1],[1,1]",n/a,n/a,n/a,n/a,n/a,0,1
"Chopin, Fryderyk Franciszek",1835-1838,piano,34,3,FM,3/4,CT,173,1,169,CD,n/a,PAC,I,N,"[168,1],[3,5]","[168,2],[5,5]","[168,3],[1,5]","[169,1],[1,1]",n/a,n/a,n/a,n/a,n/a,n/a,n/a,n/a,0,0
"Chopin, Fryderyk Franciszek",1839-1840,piano,42,"n/a ""2/4""",AbM,3/4,R,289,4,"16,32,188,204",A,a,IAC,"V,I",N,"[15,1],[5,5]","[15,1.5],[3,5]","[15,2],[4,5]","[15,2.5],[2,5]","[15,3],[3,5]","[15,3.5],[4,5]","[16,1],[5,1]","[16,1.5],[#2,1]","[16,2],[3,5]","[16,2.5],[3,5]",n/a,n/a,1,0
"Chopin, Fryderyk Franciszek",1839-1840,piano,42,"n/a ""2/4""",AbM,3/4,R,289,3,"24,40,196",A,a,PAC,"V,I",N,"[23,1],[3,5]","[23,1.5],[#4,5]","[23,2],[5,5]","[23,2.5],[2,5]","[23,3],[3,5]","[23,3.5],[4,5]","[24,1],[1,1]",n/a,n/a,n/a,n/a,n/a,0,1
"Chopin, Fryderyk Franciszek",1839-1840,piano,42,"n/a ""2/4""",AbM,3/4,R,289,5,"48,80,112,172,268",A,b,IAC,"V,I",N,"[47,1],[6,2]","[47,1.5],[5,2]","[47,2],[4,5]","[47,2.5],[7,5]","[47,3],[6,5]","[47,3.5],[5,5]","[48,1],[4,1]","[48,1.5],[3,1]","[48,2],[2,3]","[48,2.5],[1,3]",n/a,n/a,1,1
"Chopin, Fryderyk Franciszek",1839-1840,piano,42,"n/a ""2/4""",AbM,3/4,R,289,2,"64,72",B,n/a,PAC,"V,I",N,"[63,1],[7,5]","[63,2],[7,2]","[63,3],[5,5]","[64,1],[1,1]",n/a,n/a,n/a,n/a,n/a,n/a,n/a,n/a,0,1
"Chopin, Fryderyk Franciszek",1839-1840,piano,42,"n/a ""2/4""",AbM,3/4,R,289,6,"92,100,232,236,248,200",C,n/a,IAC,"V,I",N,"[91,1],[2,5]","[91,2.5],[6,5]","[91,3],[5,5]","[91,3.75],[4,5]","[92,1],[3,1]",n/a,n/a,n/a,n/a,n/a,n/a,n/a,0,1
"Chopin, Fryderyk Franciszek",1839-1840,piano,42,"n/a ""2/4""",AbM,3/4,R,289,2,"96,104",C,n/a,HC,V,N,"[95,1],[2,5]","[95,2.75],[b6,5]","[95,3],[b6,5]","[96,1],[5,5]",n/a,n/a,n/a,n/a,n/a,n/a,n/a,n/a,0,1
"Chopin, Fryderyk Franciszek",1839-1840,piano,42,"n/a ""2/4""",AbM,3/4,R,289,2,"128,144",D,n/a,HC,V,N,"[127,1],[2,5]","[128,1],[5,5]",n/a,n/a,n/a,n/a,n/a,n/a,n/a,n/a,n/a,n/a,0,1
"Chopin, Fryderyk Franciszek",1839-1840,piano,42,"n/a ""2/4""",AbM,3/4,R,289,2,"135,151",D,n/a,IAC,"V,I",N,"[134,1],[6,5]","[134,2],[5,5]","[134,3],[2,5]","[135,1],[3,1]",n/a,n/a,n/a,n/a,n/a,n/a,n/a,n/a,0,0
"Chopin, Fryderyk Franciszek",1839-1840,piano,42,"n/a ""2/4""",AbM,3/4,R,289,1,164,D,n/a,IAC,"V,I",Y,"[163,1],[6,5]","[163,2.5],[#6,2]","[163,3],[#6,2]","[164,1],[7,5]","[164,2.5],[1,3]","[164,3],[1,3]",n/a,n/a,n/a,n/a,n/a,n/a,1,0
"Chopin, Fryderyk Franciszek",1839-1840,piano,42,"n/a ""2/4""",AbM,3/4,R,289,1,285,CD,n/a,PAC,I,Y,"[284,1],[3]","[284,1.5],[5]","[284,2],[3,1]","[284,2.5],[5]","[284,3],[3]","[284,3.5],[5]","[285,1],[1]",n/a,n/a,n/a,n/a,n/a,0,1
"Chopin, Fryderyk Franciszek",1840,piano,B 133/KK IVb,-/10,EbM,3/4,T,25,1,8,A,n/a,HC,V,N,"[7,1],[5,5]","[7,1.5],[#4,5]","[7,2],[4,2]","[7,2.5],[5,2]","[7,3],[2,2]","[7,3.5],[6,2]","[8,1],[5,5]","[8,1.5],[#4,5]","[8,2],[4,2]",n/a,n/a,n/a,1,1
"Chopin, Fryderyk Franciszek",1840,piano,B 133/KK IVb,-/10,EbM,3/4,T,25,1,16,A,n/a,PAC,"V,I",N,"[15,1],[2,5]","[15,1.5],[#5,5]","[15,2],[6,2]","[15,2.5],[3,2]","[15,3],[4,5]","[15,3.5],[7,5]","[16,1],[1,1]",n/a,n/a,n/a,n/a,n/a,0,0
"Chopin, Fryderyk Franciszek",1840,piano,B 133/KK IVb,-/10,EbM,3/4,T,25,1,24,B,n/a,PAC,"V,I",N,"[23,1],[3,6]","[23,1.5],[3,5]","[23,2],[3,#4]","[23,2.5],[3,5]","[23,3],[7,3]","[23,3.5],[7,2]","[24,1],[1,1]",n/a,n/a,n/a,n/a,n/a,0,0
"Chopin, Fryderyk Franciszek",1841,piano,70,2,Fm,3/4,SB,124 (1855 FFE),3,"8,28,80",A,n/a,HC,"ii,V",N,"[7,1],[5,4]","[7,1.5],[7,4]","[7,2],[6,4]","[7,2.5],[6,4]","[7,3],[5,4]","[7,3.5],[4,4]","[8,1],[2,5]",n/a,n/a,n/a,n/a,n/a,0,1
"Chopin, Fryderyk Franciszek",1841,piano,70,2,Fm,3/4,SB,124 (1855 FFE),3,"17,37,89",A,n/a,HC,V/VII,N,"[16,1],[5,4]","[16,1.5],[4,4]","[16,2],[#3,4]","[16,2.5],[4,4]","[16,3],[5,4]","[16,3.5],[4,4]","[17,1],[4,4]",n/a,n/a,n/a,n/a,n/a,0,1
"Chopin, Fryderyk Franciszek",1841,piano,70,2,Fm,3/4,SB,124 (1855 FFE),3,"20,40,92",A,n/a,PAC,"V/VII,VII",N,"[19,1],[4,4]","[19,1.5],[4,4]","[19,2],[2,4]","[19,2.5],[4,4]","[19,3],[1,3]","[19,3.5],[4,3]","[20,1],[7,7]",n/a,n/a,n/a,n/a,n/a,0,1
"Chopin, Fryderyk Franciszek",1841,piano,70,2,Fm,3/4,SB,124 (1855 FFE),4,"48,64,100,116",B,n/a,PAC,III,N,"[47,1],[7,3]","[47,2],[#6,7]","[47,2.5],[7,7]","[47,3],[1,7]","[47,3.5],[7,7]","[48,1],[3,3]",n/a,n/a,n/a,n/a,n/a,n/a,0,0
"Chopin, Fryderyk Franciszek",1841,piano,70,2,Fm,3/4,SB,124 (1855 FFE),2,"55,107",B,n/a,PAC,"V/V,v",N,"[54,1],[7,2]","[54,3],[#6,2]","[55,1],[#6,5]","[55,2],[#6,2]","[55,2.75],[5,2]","[55,3],[5,2]",n/a,n/a,n/a,n/a,n/a,n/a,1,1
"Chopin, Fryderyk Franciszek",1841,piano,70,2,Fm,3/4,SB,124 (1855 FFE),2,"72,124",B,n/a,PAC,"V/III,III",N,"[71,1],[3,7]","[71,2],[2,7]","[71,2.5],[3,7]","[71,3],[4,7]","[71,3.5],[5,7]","[72,1],[3,3]",n/a,n/a,n/a,n/a,n/a,n/a,0,1
"Chopin, Fryderyk Franciszek",1846-1847,piano,64,1,DbM,3/4,T,125,8,"10,12*,18,20*,83,85*,91,93*",A,n/a,HC,V,N,"[9,1],[6,5]","[9,2.5],[5,5]","[9,3],[4,5]","[9,3.5],[3,5]","[10,1],[3,2]","[10,1.5],[2,2]","[10,2],[2,5]","[10,2.5],[#1,5]","[10,3],[2,5]",n/a,n/a,n/a,1,0
"Chopin, Fryderyk Franciszek",1846-1847,piano,64,1,DbM,3/4,T,125,3,"28,101,117",A,n/a,IAC,"V,I",N,"[27,1],[2,5]","[27,1.5],[1,5]","[27,2],[7,4]","[27,2.5],[2,4]","[27,3],[6,4]","[27,3.5],[5,4]","[28,1],[#4,1]","[28,1.5],[5,1]",n/a,n/a,n/a,n/a,0,2
"Chopin, Fryderyk Franciszek",1846-1847,piano,64,1,DbM,3/4,T,125,3,"36,109,125",A,n/a,PAC,"V,I",N,"[35,1],[#5,5]","[35,1.5],[7,5]","[35,2],[6,4]","[35,2.5],[3,4]","[35,3],[4,4]","[35,3.5],[7,4]","[36,1],[1,1]",n/a,n/a,n/a,n/a,n/a,0,2
"Chopin, Fryderyk Franciszek",1846-1847,piano,64,1,DbM,3/4,T,125,1,45,B,n/a,IAC,I,Y,"[44,1],[2,1]","[44,3],[1,5]","[45,1],[7,3]","[45,1.75],[2,3]","[45,2.5],[1,5]",n/a,n/a,n/a,n/a,n/a,n/a,n/a,1,2
"Chopin, Fryderyk Franciszek",1846-1847,piano,64,1,DbM,3/4,T,125,1,52,B,n/a,IAC,"V/III,III",Y,"[51,1],[5,7]","[51,2],[6,#4]","[51,3],[#4]","[52,1],[#5,3]",n/a,n/a,n/a,n/a,n/a,n/a,n/a,n/a,0,1
"Chopin, Fryderyk Franciszek",1846-1847,piano,64,1,DbM,3/4,T,125,1,69,B,n/a,HC,V,N,"[68,1],[2,5]","[68,2],[5,5]","[68,3],[#1]","[69,1],[3]","[69,2],[2]","[69,3],[5]",n/a,n/a,n/a,n/a,n/a,n/a,1,0
"Chopin, Fryderyk Franciszek",1846-1847,piano,64,2,C#m,3/4,R,192,2,"15,143",A,a,HC,"V/V,V",N,"[14,1],[#4,2]","[14,1.5],[4,2]","[14,2],[4,1]","[14,2.5],[#3,1]","[14,3],[#3]","[14,3.5],[3]","[15,1],[3,5]","[15,1.5],[2,5]","[15,2],[2,#7]",n/a,n/a,n/a,1,1
"Chopin, Fryderyk Franciszek",1846-1847,piano,64,2,C#m,3/4,R,192,2,"32,160",A,a,PAC,"V,i",N,"[31,1],[#4,5]","[31,1.5],[5,5]","[31,2],[5,3]","[31,2.5],[3,3]","[31,3],[3,4]","[31,3.5],[2,4]","[32,1],[1,1]",n/a,n/a,n/a,n/a,n/a,0,1
"Chopin, Fryderyk Franciszek",1846-1847,piano,64,2,C#m,3/4,R,192,6,"40,56,104,120,168,184",A,b,IAC,"V,i",N,"[39,1],[5,5]","[39,1.5],[5,5]","[39,2],[2]","[39,2.5],[5]","[39,3],[6,4]","[39,3.5],[5,4]","[40,1],[#4,1]","[40,1.5],[5,1]",n/a,n/a,n/a,n/a,0,0
"Chopin, Fryderyk Franciszek",1846-1847,piano,64,2,C#m,3/4,R,192,6,"48,64,112,128,176,192",A,b,PAC,"V,i",N,"[47,1],[2,5]","[47,1.5],[3,5]","[47,2],[#3,5]","[47,2.5],[4,5]","[47,3],[#4,5]","[47,3.5],[5,5]","[48,1],[1,1]",n/a,n/a,n/a,n/a,n/a,0,0
"Chopin, Fryderyk Franciszek",1846-1847,piano,64,2,C#m,3/4,R,192,1,81,B,n/a,IAC,bbII,N,"[80,1],[b4,bb2]","[80,1.5],[b1,bb2]","[80,2],[bb2,b6]","[80,2.5],[b1,b6]","[80,3],[bb2,b5]","[80,3.5],[b7,b5]","[81,1],[b6,bb2]",n/a,n/a,n/a,n/a,n/a,0,1
"Chopin, Fryderyk Franciszek",1846-1847,piano,64,3,AbM,3/4,T,171,3,"16,32*,124",A,n/a,HC,"V/V,V",N,"[15,1],[2,5]","[15,1.5],[#1,5]","[15,2],[1,2]","[15,2.5],[1,2]","[15,3],[7,2]","[15,3.5],[6,2]","[16,1],[1,5]","[16,1.5],[2,5]","[16,2],[7,2]","[16,2.5],[4,2]","[16,3],[6,5]","[16,3.5],[5,5]",1,0
"Chopin, Fryderyk Franciszek",1846-1847,piano,64,3,AbM,3/4,T,171,1,40,A,n/a,HC,V/II,Y,"[39,1],[1,3]","[39,1.5],[7,3]","[39,2],[b7,6]","[39,2.5],[6,6]","[39,3],[#5,6]","[40,1.5],[b7,6]","[40,2],[6,6]","[40,2.5],[#5,6]","[40,3],[5,6]",n/a,n/a,n/a,1,1
"Chopin, Fryderyk Franciszek",1846-1847,piano,64,3,AbM,3/4,T,171,1,48,A,n/a,HC,V/bVII,Y,"[47,1],[6,1]","[47,1.5],[5,1]","[47,2],[#4,4]","[47,2.5],[4,4]","[47,3],[3,4]","[48,1.5],[5,4]","[48,2],[4,4]","[48,2.5],[3,4]","[48,3],[b3,4]",n/a,n/a,n/a,1,1
"Chopin, Fryderyk Franciszek",1846-1847,piano,64,3,AbM,3/4,T,171,2,"68,72",A,n/a,HC,V/III,N,"[67,1],[7,7]","[67,2],[7,#4]","[67,2.5],[#4,#4]","[67,3],[7,#4]","[68,1],[#4,7]","[68,2],[7,#4]",n/a,n/a,n/a,n/a,n/a,n/a,1,0
"Chopin, Fryderyk Franciszek",1846-1847,piano,64,3,AbM,3/4,T,171,1,84,B,n/a,IAC,"V/VII,VII",N,"[83,3],[#1,3]","[83,3.5],[#1,#4]","[84,1],[#2,7]",n/a,n/a,n/a,n/a,n/a,n/a,n/a,n/a,n/a,0,0
"Chopin, Fryderyk Franciszek",1846-1847,piano,64,3,AbM,3/4,T,171,1,92,B,n/a,PAC,"V/III,III",N,"[91,1],[#2,7]","[91,1.5],[#2,#1]","[91,2],[#2,7]","[91,2.5],[#2,#4]","[91,3],[7,#5]","[91,3.5],[7,#4]","[92,1],[3]",n/a,n/a,n/a,n/a,n/a,0,1
"Chopin, Fryderyk Franciszek",1846-1847,piano,64,3,AbM,3/4,T,171,1,99,B,n/a,PAC,"V/VI,vi",N,"[98,1],[3,7]","[98,2],[4,3]","[98,3],[3,3]","[99,1],[6]",n/a,n/a,n/a,n/a,n/a,n/a,n/a,n/a,0,1
"Chopin, Fryderyk Franciszek",1846-1847,piano,64,3,AbM,3/4,T,171,3,"149,151,153",CD,n/a,PAC,"V,I",N,"[148,3],[4,5]","[148,3.5],[7,5]","[149,1],[1,1]",n/a,n/a,n/a,n/a,n/a,n/a,n/a,n/a,n/a,0,2
"Chopin, Fryderyk Franciszek",1846-1847,piano,64,3,AbM,3/4,T,171,1,166,CD,n/a,IAC,I,Y,"[165,1],[2,1]","[165,1.5],[7,1]","[165,2],[1]","[165,2.5],[2]","[165,3],[3]","[165,3.5],[4]","[166,1],[5,3]",n/a,n/a,n/a,n/a,n/a,0,0
"Chopin, Fryderyk Franciszek",1847-1849,piano,B 150/KK IVb,-/11,Am,3/4,CT,56,2,"8,48",A,a,PAC,"V/III,III",N,"[7,1],[2,7]","[7,1.5],[3,7]","[7,2],[4,7]","[7,2.5],[1,7]","[7,3],[7,7]","[7,3.5],[2,7]","[8,1],[3,3]",n/a,n/a,n/a,n/a,n/a,0,0
"Chopin, Fryderyk Franciszek",1847-1849,piano,B 150/KK IVb,-/11,Am,3/4,CT,56,1,16,A,a,IAC,"V/III,III",N,"[15,1],[7,7]","[15,2],[#6,7]","[15,2.5],[7,7]","[15,3],[4,7]","[15,3.5],[6,7]","[16,1],[5,3]",n/a,n/a,n/a,n/a,n/a,n/a,0,1
"Chopin, Fryderyk Franciszek",1847-1849,piano,B 150/KK IVb,-/11,Am,3/4,CT,56,1,24,A,b,PAC,"V,i",N,"[23,1],[1,5]","[23,1.5],[#7,5]","[23,2],[5,5]","[23,2.5],[5,5]","[23,3],[5,5]","[24,1],[1,1]",n/a,n/a,n/a,n/a,n/a,n/a,0,1
"Chopin, Fryderyk Franciszek",1847-1849,piano,B 150/KK IVb,-/11,Am,3/4,CT,56,1,32,B,n/a,HC,"V/V,V",N,"[31,1],[#4,2]","[31,1.5],[5,2]","[31,2],[#6,1]","[31,3],[#6,1]","[32,1],[#7,5]","[32,1.5],[1,5]","[32,2],[2,5]",n/a,n/a,n/a,n/a,n/a,1,0
"Chopin, Fryderyk Franciszek",1847-1849,piano,B 150/KK IVb,-/11,Am,3/4,CT,56,1,40,B,n/a,PAC,"V,I",N,"[39,1],[5,5]","[39,1.5],[4,5]","[39,2],[#7,5]","[39,2.5],[#6,5]","[39,3],[5,5]","[39,3.5],[#7,5]","[40,1],[1,1]",n/a,n/a,n/a,n/a,n/a,0,0
"Chopin, Fryderyk Franciszek",1847-1849,piano,B 150/KK IVb,-/11,Am,3/4,CT,56,1,56,A',n/a,PAC,"V,i",N,"[55,1],[5,5]","[55,2],[#4,5]","[55,2.5],[5,5]","[55,3],[6,5]","[55,3.5],[#7,5]","[56,1],[1,1]",n/a,n/a,n/a,n/a,n/a,n/a,0,2
"Schubert, Franz Peter",1828,piano,D 924/Op 91,1,EM,3/4,RB,24,1,4,A,n/a,HC,"I,V",Y,"[3,1],[1,1]","[3,2],[5,5]","[3,2.5],[3,5]","[3,3],[1,5]","[3,3.5],[5,5]","[4,1],[7,5]",n/a,n/a,n/a,n/a,n/a,n/a,0,1
"Schubert, Franz Peter",1828,piano,D 924/Op 91,1,EM,3/4,RB,24,1,8,A,n/a,PAC,"V,I",N,"[7,1],[1,5]","[7,2],[5,5]","[7,2.5],[5,5]","[7,3],[4,5]","[7,3.5],[2,5]","[8,1],[1,1]",n/a,n/a,n/a,n/a,n/a,n/a,0,1
"Schubert, Franz Peter",1828,piano,D 924/Op 91,1,EM,3/4,RB,24,1,12,B,n/a,HC,"i,V",N,"[11,1],[5,1]","[11,2],[b3,5]","[11,2.5],[5,5]","[11,3],[1,5]","[11,3.5],[b3,5]","[12,1],[2,5]",n/a,n/a,n/a,n/a,n/a,n/a,0,0
"Schubert, Franz Peter",1828,piano,D 924/Op 91,1,EM,3/4,RB,24,1,16,B,n/a,PAC,"V/bIII,bIII",N,"[15,1],[b6,b7]","[15,1.5],[5,b7]","[15,2],[4,b6]","[15,2.5],[b6,b6]","[15,3],[5,b6]","[15,3.5],[4,b6]","[16,1],[b3,b3]",n/a,n/a,n/a,n/a,n/a,0,1
"Schubert, Franz Peter",1828,piano,D 924/Op 91,1,EM,3/4,RB,24,1,24,A',n/a,PAC,"V,I",N,"[23,1],[3,5]","[23,2],[2,4]","[23,2.5],[4,4]","[23,3],[3,4]","[23,3.5],[2,4]","[24,1],[1,1]",n/a,n/a,n/a,n/a,n/a,n/a,0,1
"Schubert, Franz Peter",1828,piano,D 924/Op 91,2,EM,3/4,SB,16,1,8,A,n/a,PAC,"V,I",N,"[7,1],[5,5]","[7,2],[4,5]","[7,2.5],[3,5]","[7,3],[4,5]","[7,3.5],[7,5]","[8,1],[1,1]",n/a,n/a,n/a,n/a,n/a,n/a,0,1
"Schubert, Franz Peter",1828,piano,D 924/Op 91,2,EM,3/4,SB,16,1,16,B,n/a,PAC,"V,I",N,"[15,1],[5,5]","[15,2],[4,2]","[15,2.5],[3,2]","[15,3],[4,4]","[15,3.5],[7,4]","[16,1],[1,1]",n/a,n/a,n/a,n/a,n/a,n/a,0,1
"Schubert, Franz Peter",1828,piano,D 924/Op 91,3,C#m,3/4,SB,16,1,4,A,n/a,IAC,"V,i",Y,"[3,1],[5,5]","[3,2],[4,5]","[3,2.5],[2,5]","[3,3],[4,5]","[3,3.5],[6,5]","[4,1],[5,1]",n/a,n/a,n/a,n/a,n/a,n/a,0,0
"Schubert, Franz Peter",1828,piano,D 924/Op 91,3,C#m,3/4,SB,16,1,8,A,n/a,PAC,"V,i",N,"[7,1],[4,5]","[7,2],[3,5]","[7,3],[2,5]","[8,1],[1,1]",n/a,n/a,n/a,n/a,n/a,n/a,n/a,n/a,0,1
"Schubert, Franz Peter",1828,piano,D 924/Op 91,3,C#m,3/4,SB,16,1,12,B,n/a,IAC,"V/III,III",Y,"[11,1],[7,7]","[11,1.5],[2,7]","[11,2],[4,7]","[11,2.5],[7,7]","[11,3],[2,7]","[11,3.5],[4,7]","[12,1],[7,3]","[12,2],[5,7]","[12,2.5],[3,7]","[12,3],[7,7]",n/a,n/a,1,1
"Schubert, Franz Peter",1828,piano,D 924/Op 91,3,C#m,3/4,SB,16,1,16,B,n/a,PAC,"V/III,III",N,"[15,1],[1,7]","[15,1.5],[7,7]","[15,2],[6,7]","[15,2.5],[4,7]","[15,3],[2,7]","[15,3.5],[7,7]","[16,1],[3,3]",n/a,n/a,n/a,n/a,n/a,0,0
"Schubert, Franz Peter",1828,piano,D 924/Op 91,4,AM,3/4,BB,24,2,"8,24",A,n/a,PAC,"V,I",N,"[7,1],[3,5]","[7,2],[4,5]","[7,2.5],[5,5]","[7,3],[4,5]","[7,3.5],[5,5]","[8,1],[1,1]",n/a,n/a,n/a,n/a,n/a,n/a,0,1
"Schubert, Franz Peter",1828,piano,D 924/Op 91,4,AM,3/4,BB,24,2,"12,16",B,n/a,IAC,"V/IV,IV",N,"[11,1],[b7,1]","[11,2],[b7,1]","[11,2.5],[1,1]","[11,3],[b7,1]","[11,3.5],[1,1]","[12,1],[6,4]",n/a,n/a,n/a,n/a,n/a,n/a,0,1
"Schubert, Franz Peter",1828,piano,D 924/Op 91,4,AM,3/4,BB,24,1,20,A',n/a,IAC,"V,I",N,"[19,1],[3,5]","[19,2],[4,4]","[19,2.5],[5,4]","[19,3],[4,4]","[20,1],[#2,1]","[20,2],[3,1]",n/a,n/a,n/a,n/a,n/a,n/a,1,0
"Schubert, Franz Peter",1828,piano,D 924/Op 91,5,AM,3/4,SB,16,1,8,A,n/a,PAC,"V,I",N,"[7,3],[2,5]","[8,1],[1,1]",n/a,n/a,n/a,n/a,n/a,n/a,n/a,n/a,n/a,n/a,0,1
"Schubert, Franz Peter",1828,piano,D 924/Op 91,5,AM,3/4,SB,16,1,16,B,n/a,PAC,"V,I",N,"[15,1],[3,5]","[15,2],[2,7]","[15,3],[5,7]","[16,1],[1,1]",n/a,n/a,n/a,n/a,n/a,n/a,n/a,n/a,0,1
"Schubert, Franz Peter",1828,piano,D 924/Op 91,6,F#m,3/4,SB,16,1,8,A,n/a,PAC,"V,i",N,"[7,1],[3,5]","[7,2],[2,5]","[7,2.5],[1,5]","[7,3],[5,5]","[7,3.5],[5,5]","[8,1],[1,1]",n/a,n/a,n/a,n/a,n/a,n/a,0,1
"Schubert, Franz Peter",1828,piano,D 924/Op 91,6,F#m,3/4,SB,16,1,12,B,n/a,IAC,"V/III,III",Y,"[11,1],[2,7]","[11,2],[1,6]","[11,2.5],[7,6]","[11,3],[4,6]","[11,3.5],[6,6]","[12,1],[5,3]","[12,1.5],[7,3]","[12,2],[3,5]",n/a,n/a,n/a,n/a,1,0
"Schubert, Franz Peter",1828,piano,D 924/Op 91,6,F#m,3/4,SB,16,1,16,B,n/a,PAC,"V/III,III",N,"[15,1],[2,7]","[15,2],[1,6]","[15,2.5],[7,6]","[15,3],[7,6]","[15,3.5],[2,6]","[16,1],[3,3]",n/a,n/a,n/a,n/a,n/a,n/a,0,1
"Schubert, Franz Peter",1828,piano,D 924/Op 91,7,Am,3/4,SB,16,1,4,A,n/a,HC,"i,V",N,"[3,1],[1,1]","[3,2],[2,5]","[3,3],[3,5]","[4,1],[2,5]","[4,1.5],[3,5]","[4,2],[2,5]","[4,2.5],[#7,5]","[4,3],[5,5]",n/a,n/a,n/a,n/a,1,1
"Schubert, Franz Peter",1828,piano,D 924/Op 91,7,Am,3/4,SB,16,1,8,A,n/a,PAC,"V/III,III",N,"[7,1],[4,7]","[7,1.5],[4,7]","[7,2],[4,6]","[7,2.5],[5,6]","[7,3],[4,6]","[8,1],[3,3]",n/a,n/a,n/a,n/a,n/a,n/a,0,1
"Schubert, Franz Peter",1828,piano,D 924/Op 91,7,Am,3/4,SB,16,1,12,B,n/a,PAC,"V/III,III",N,"[11,1],[#7,7]","[11,2],[1,7]","[11,3],[2,7]","[12,1],[4,3]","[12,1.5],[3,3]",n/a,n/a,n/a,n/a,n/a,n/a,n/a,2,0
"Schubert, Franz Peter",1828,piano,D 924/Op 91,7,Am,3/4,SB,16,1,16,B,n/a,PAC,"V/III,III",N,"[15,1],[1,7]","[15,2],[4,7]","[15,3],[2,7]","[16,1],[3,3]",n/a,n/a,n/a,n/a,n/a,n/a,n/a,n/a,0,0
"Schubert, Franz Peter",1828,piano,D 924/Op 91,8,AM,3/4,SB,24,1,8,A,n/a,PAC,"V,I",N,"[7,1],[2,5]","[7,2],[#1,4]","[7,2.5],[2,4]","[7,3],[3,4]","[7,3.5],[2,4]","[8,1],[1,1]",n/a,n/a,n/a,n/a,n/a,n/a,0,1
"Schubert, Franz Peter",1828,piano,D 924/Op 91,8,AM,3/4,SB,24,1,24,A',n/a,PAC,"V,I",N,"[23,1],[2,5]","[23,1.5],[#1,5]","[23,2],[2,5]","[23,2.5],[3,5]","[23,3],[4,5]","[23,3.5],[5,5]","[24,1],[1,1]",n/a,n/a,n/a,n/a,n/a,0,1
"Schubert, Franz Peter",1828,piano,D 924/Op 91,9,Am,3/4,SB,16,1,4,A,n/a,HC,"i,V",N,"[3,1],[5,1]","[3,2],[5,5]","[3,3],[5,5]","[4,1],[5,5]",n/a,n/a,n/a,n/a,n/a,n/a,n/a,n/a,0,0
"Schubert, Franz Peter",1828,piano,D 924/Op 91,9,Am,3/4,SB,16,1,8,A,n/a,PAC,"V,I",N,"[7,1],[5,5]","[7,2],[4,5]","[7,3],[2,5]","[8,1],[1,1]",n/a,n/a,n/a,n/a,n/a,n/a,n/a,n/a,0,1
"Schubert, Franz Peter",1828,piano,D 924/Op 91,9,Am,3/4,SB,16,1,12,B,n/a,PAC,"V,i",N,"[11,1],[5,5]","[11,2],[5,5]","[11,2.5],[5,5]","[11,3],[5,5]","[12,1],[1,1]",n/a,n/a,n/a,n/a,n/a,n/a,n/a,2,0
"Schubert, Franz Peter",1828,piano,D 924/Op 91,9,Am,3/4,SB,16,1,16,B,n/a,PAC,"V/III,III",N,"[15,1],[2,7]","[15,2],[1,7]","[15,3],[7,7]","[16,1],[3,3]",n/a,n/a,n/a,n/a,n/a,n/a,n/a,n/a,0,0
"Schubert, Franz Peter",1828,piano,D 924/Op 91,10,AM,3/4,T,44,2,"8,36",A,n/a,IAC,"V,I",N,"[7,1],[5,5]","[7,1.5],[7,5]","[7,2],[2,2]","[7,2.5],[4,2]","[7,3],[2,2]","[7,3.5],[4,2]","[8,1],[4,1]","[8,2],[3,3]","[8,2.5],[2,3]","[8,3],[3,3]",n/a,n/a,1,1
"Schubert, Franz Peter",1828,piano,D 924/Op 91,10,AM,3/4,T,44,2,"16,44",A,n/a,PAC,"V,I",N,"[15,1],[7,5]","[15,1.5],[2,5]","[15,2],[5,4]","[15,2.5],[7,4]","[15,3],[5,4]","[15,3.5],[5,4]","[16,1],[1,1]",n/a,n/a,n/a,n/a,n/a,0,0
"Schubert, Franz Peter",1828,piano,D 924/Op 91,10,AM,3/4,T,44,1,24,B,n/a,IAC,"V/IV,IV",N,"[23,1],[1,1]","[23,2],[1,1]","[23,2.33],[b7,1]","[23,2.66],[6,1]","[23,3],[5,1]","[24,1],[1,4]","[24,2],[2,1]","[24,2.33],[1,1]","[24,2.66],[b7,1]","[24,3],[6,1]",n/a,n/a,1,1
"Schubert, Franz Peter",1828,piano,D 924/Op 91,10,AM,3/4,T,44,1,28,B,n/a,PAC,"V/IV,IV",N,"[27,1],[1,1]","[27,2],[1,1]","[27,2.33],[b7,1]","[27,2.66],[6,1]","[27,3],[5,1]","[28,1],[4,4]",n/a,n/a,n/a,n/a,n/a,n/a,0,1
"Schubert, Franz Peter",1828,piano,D 924/Op 91,11,GM,3/4,SB,24,1,4,A,n/a,IAC,"V,I",Y,"[3,1],[4,5]","[3,2],[4,5]","[3,3],[4,5]","[4,1],[3,1]",n/a,n/a,n/a,n/a,n/a,n/a,n/a,n/a,0,1
"Schubert, Franz Peter",1828,piano,D 924/Op 91,11,GM,3/4,SB,24,1,8,A,n/a,IAC,"V,I",N,"[7,1],[2,5]","[7,2],[2,5]","[7,3],[2,5]","[8,1],[3,1]",n/a,n/a,n/a,n/a,n/a,n/a,n/a,n/a,0,0
"Schubert, Franz Peter",1828,piano,D 924/Op 91,11,GM,3/4,SB,24,1,12,B,n/a,HC,"V/II,ii",N,"[11,1],[3,6]","[11,2],[2,5]","[11,3],[#1,5]","[12,1],[4,2]",n/a,n/a,n/a,n/a,n/a,n/a,n/a,n/a,0,0
"Schubert, Franz Peter",1828,piano,D 924/Op 91,11,GM,3/4,SB,24,1,16,B,n/a,IAC,"V,I",N,"[15,1],[2,5]","[15,2],[1,4]","[15,3],[7,4]","[16,1],[3,1]",n/a,n/a,n/a,n/a,n/a,n/a,n/a,n/a,0,0
"Schubert, Franz Peter",1828,piano,D 924/Op 91,11,GM,3/4,SB,24,1,24,B,n/a,PAC,"V,I",N,"[23,1],[5,5]","[23,2],[4,5]","[23,3],[2,5]","[24,1],[1,1]",n/a,n/a,n/a,n/a,n/a,n/a,n/a,n/a,0,1
"Schubert, Franz Peter",1828,piano,D 924/Op 91,12,EM,3/4,RB,48,2,"8,40",A,n/a,IAC,"V,I",N,"[7,1],[2,5]","[7,1.5],[5,5]","[7,2],[7,5]","[7,2.5],[2,5]","[7,3],[5,5]","[7,3.5],[4,5]","[8,1],[3,1]",n/a,n/a,n/a,n/a,n/a,0,1
"Schubert, Franz Peter",1828,piano,D 924/Op 91,12,EM,3/4,RB,48,1,16,A,n/a,PAC,"V/V,V",N,"[15,1],[#4,2]","[15,2],[#4,2]","[15,2.5],[6,2]","[15,3],[2,2]","[15,3.5],[#4,2]","[16,1],[5,5]",n/a,n/a,n/a,n/a,n/a,n/a,0,0
"Schubert, Franz Peter",1828,piano,D 924/Op 91,12,EM,3/4,RB,48,1,24,B,n/a,IAC,"V,I",Y,"[23,1],[4,5]","[23,1.5],[2,5]","[23,2],[6,5]","[23,2.5],[4,5]","[23,3],[3,5]","[23,3.5],[2,5]","[24,1],[3,5]",n/a,n/a,n/a,n/a,n/a,0,0
"Schubert, Franz Peter",1828,piano,D 924/Op 91,12,EM,3/4,RB,48,1,48,A',n/a,PAC,"V,I",N,"[47,1],[7,5]","[47,2],[7,5]","[47,2.5],[2,5]","[47,3],[5,5]","[47,3.5],[7,5]","[48,1],[1,1]",n/a,n/a,n/a,n/a,n/a,n/a,0,0
"Strauss, Johann (II)",1844,piano,4,INT,CM,3/4,n/a,40,1,8,n/a,n/a,HC,"V/VI,V/VI",N,"[7,1],[7,#5]","[8,1],[3,3]",n/a,n/a,n/a,n/a,n/a,n/a,n/a,n/a,n/a,n/a,0,0
"Strauss, Johann (II)",1844,piano,4,INT,CM,3/4,n/a,40,1,16,n/a,n/a,HC,"V,V",N,"[15,1],[5,5]","[16,1],[7,5]",n/a,n/a,n/a,n/a,n/a,n/a,n/a,n/a,n/a,n/a,0,0
"Strauss, Johann (II)",1844,piano,4,INT,CM,3/4,n/a,40,1,34,n/a,n/a,HC,"V/V,V",N,"[33,1],[1,2]","[33,2],[3,2]","[33,3],[2,2]","[34,1],[5,5]",n/a,n/a,n/a,n/a,n/a,n/a,n/a,n/a,0,1
"Strauss, Johann (II)",1844,piano,4,1,CM,3/4,SB,32,1,10,A,n/a,IAC,"I,I",Y,"[9,1],[4,1]","[9,2],[3,5]","[9,3],[2,5]","[10,1],[1,1]",n/a,n/a,n/a,n/a,n/a,n/a,n/a,n/a,0,1
"Strauss, Johann (II)",1844,piano,4,1,CM,3/4,SB,32,1,16,A,n/a,PAC,"V/bIII,bIII",N,"[15,1],[5,b7]","[15,1.75],[6,b7]","[15,2],[b7,2]","[15,3],[4,b7]","[16,1],[b3,b3]",n/a,n/a,n/a,n/a,n/a,n/a,n/a,0,1
"Strauss, Johann (II)",1844,piano,4,1,CM,3/4,SB,32,1,32,B,n/a,PAC,"V,I",N,"[31,1],[5,5]","[31,1.5],[5,5]","[31,2],[6,5]","[31,2.5],[5,5]","[31,3],[3,5]","[31,3.5],[2,5]","[32,1],[1,1]",n/a,n/a,n/a,n/a,n/a,0,1
"Strauss, Johann (II)",1844,piano,4,2,GM,3/4,SB,32,1,8,A,n/a,IAC,I,N,"[7,1],[5,1]","[7,1.5],[1,1]","[7,2],[2,3]","[7,3],[2,3]","[7,3.5],[1,3]","[8,1],[3,1]",n/a,n/a,n/a,n/a,n/a,n/a,0,1
"Strauss, Johann (II)",1844,piano,4,2,GM,3/4,SB,32,1,15,A,n/a,PAC,"V/V,V",N,"[14,1],[2,2]","[14,1.5],[2,2]","[14,2],[#2,2]","[14,2.5],[3,2]","[14,3],[4,2]","[14,3.5],[#4,2]","[15,1],[5,5]",n/a,n/a,n/a,n/a,n/a,0,0
"Strauss, Johann (II)",1844,piano,4,2,GM,3/4,SB,32,1,24,B,n/a,IAC,"V,I",N,"[23,1],[5,5]","[23,2],[4]","[23,2.5],[7,4]","[23,3],[7,4]","[23,3.5],[2,4]","[24,1],[3,1]",n/a,n/a,n/a,n/a,n/a,n/a,0,0
"Strauss, Johann (II)",1844,piano,4,2,GM,3/4,SB,32,1,32,B,n/a,PAC,"V,I",N,"[31,1],[5,5]","[23,2],[7]","[23,2.5],[7,7]","[23,3],[7,5]","[23,3.5],[2,5]","[24,1],[1,1]",n/a,n/a,n/a,n/a,n/a,n/a,0,0
"Strauss, Johann (II)",1844,piano,4,3,FM,3/4,n/a,36,1,35,n/a,n/a,PAC,"V,I",N,"[34,1],[7,5]","[34,1.5],[7,5]","[34,2],[7,2]","[34,3],[7,2]","[35,1],[1,1]",n/a,n/a,n/a,n/a,n/a,n/a,n/a,0,0
"Strauss, Johann (II)",1844,piano,4,4,AM,3/4,T,32,1,8,A,n/a,IAC,"V,I",Y,"[7,1],[3,7]","[7,2],[3,5]","[7,2.5],[5,5]","[7,3],[5,5]","[8,1],[2,1]","[8,2],[2,5]","[8,3],[1,5]",n/a,n/a,n/a,n/a,n/a,1,1
"Strauss, Johann (II)",1844,piano,4,4,AM,3/4,T,32,1,16,A,n/a,PAC,"V,I",N,"[15,1],[6,5]","[15,1.5],[5,5]","[15,2],[2,7]","[15,3],[2,5]","[15,3.5],[3,5]","[16,1],[1,1]",n/a,n/a,n/a,n/a,n/a,n/a,0,1
"Strauss, Johann (II)",1844,piano,4,4,AM,3/4,T,32,1,24,B,n/a,IAC,"V/V,V",Y,"[23,1],[5,2]","[23,1.5],[b6,2]","[23,2],[6,1]","[23,3],[2,1]","[24,1],[7,5]",n/a,n/a,n/a,n/a,n/a,n/a,n/a,0,1
"Strauss, Johann (II)",1844,piano,4,4,AM,3/4,T,32,1,32,B,n/a,PAC,"V/V,V",N,"[31,1],[2]","[31,1.5],[b6,2]","[31,2],[6,#4]","[31,3],[2,2]","[32,1],[5,5]",n/a,n/a,n/a,n/a,n/a,n/a,n/a,0,1
"Strauss, Johann (II)",1844,piano,4,5,FM,3/4,SB,32,1,8,A,n/a,IAC,"V,I",Y,"[7,1],[#1,5]","[7,2],[4]","[7,3],[2,4]","[8,1],[6,1]","[8,1.5],[5,1]","[8,2],[3,3]","[8,3],[3,3]",n/a,n/a,n/a,n/a,n/a,1,1
"Strauss, Johann (II)",1844,piano,4,5,FM,3/4,SB,32,1,16,A,n/a,PAC,"V/V,V",N,"[15,1],[3,2]","[15,1.5],[2,2]","[15,2],[6,#4]","[15,3],[2,2]","[16,1],[5,5]",n/a,n/a,n/a,n/a,n/a,n/a,n/a,0,1
"Strauss, Johann (II)",1844,piano,4,5,FM,3/4,SB,32,1,31,B,n/a,PAC,"V,I",N,"[31,1],[3,5]","[31,2],[2,4]","[31,3],[7,4]","[32,1],[1,1]",n/a,n/a,n/a,n/a,n/a,n/a,n/a,n/a,0,0
"Strauss, Johann (II)",1844,piano,4,FIN,CM,3/4,n/a,119,2,"22,38",n/a,n/a,IAC,V,Y,"[21,1],[2,5]","[21,1.5],[5,5]","[21,2],[6,7]","[21,3],[6,7]","[21,3.5],[5,7]","[22,1],[7,5]",n/a,n/a,n/a,n/a,n/a,n/a,0,1
"Strauss, Johann (II)",1844,piano,4,FIN,CM,3/4,n/a,119,1,29,n/a,n/a,PAC,"V/II,V/V",N,"[28,1],[6,6]","[28,1.5],[6,6]","[28,2],[#6,6]","[28,2.5],[7,6]","[28,3],[1,6]","[28,3.5],[#1,6]","[29,1],[2,2]",n/a,n/a,n/a,n/a,n/a,0,0
"Strauss, Johann (II)",1844,piano,4,FIN,CM,3/4,n/a,119,1,55,n/a,n/a,IAC,I,Y,"[54,1],[2,5]","[54,1.75],[#4,5]","[54,2],[5,5]","[54,2.5],[2,5]","[54,3],[#1,5]","[54,3.5],[2,5]","[55,1],[1,1]","[55,1.75],[#2,1]","[55,2],[3,5]",n/a,n/a,n/a,1,0
"Strauss, Johann (II)",1844,piano,4,FIN,CM,3/4,n/a,119,1,85,n/a,n/a,IAC,"V/bVI,bVI",Y,"[84,1],[1,5]","[84,2],[1,b3]","[84,2.5],[b3,b3]","[84,3],[b3,b3]","[85,1],[b7,b6]","[85,2],[b7,b3]","[85,3],[b6,b6]",n/a,n/a,n/a,n/a,n/a,1,1
"Strauss, Johann (II)",1844,piano,4,FIN,CM,3/4,n/a,119,1,111,n/a,n/a,PAC,"V,I",N,"[110,2],[5,5]","[110,2.5],[5,5]","[110,3],[5,2]","[110,3.5],[5,2]","[111,1],[1,1]",n/a,n/a,n/a,n/a,n/a,n/a,n/a,0,1
"Strauss, Johann (II)",1845,piano,7,INT,EM,4/4,n/a,69,1,40,n/a,n/a,HC,"V/V,V",N,"[39,1],[2,2]","[39,2],[2,2]","[39,3],[#1,2]","[39,4],[1,2]","[40,1],[7,5]",n/a,n/a,n/a,n/a,n/a,n/a,n/a,0,1
"Strauss, Johann (II)",1845,piano,7,INT,EM,4/4,n/a,69,1,55,n/a,n/a,HC,"V/V,V",N,"[54,1],[#4,2]","[55,1],[5,5]",n/a,n/a,n/a,n/a,n/a,n/a,n/a,n/a,n/a,n/a,0,0
"Strauss, Johann (II)",1845,piano,7,1,EM,3/4,CT,48,1,8,A,a,PAC,"V,I",Y,"[7,1],[5]","[7,2],[2,4]","[7,3],[2,4]","[8,1],[1,1]","[8,2],[1,3]","[8,3],[1,3]",n/a,n/a,n/a,n/a,n/a,n/a,1,0
"Strauss, Johann (II)",1845,piano,7,1,EM,3/4,CT,48,1,16,A,a,PAC,"V/bIV,bIV",N,"[15,1],[b1,b1]","[15,1.5],[b3,b1]","[15,2],[b1,b3]","[15,2.5],[b7,b3]","[15,3],[b6,b1]","[15,3.5],[b5,b1]","[16,1],[b4,b4]",n/a,n/a,n/a,n/a,n/a,0,1
"Strauss, Johann (II)",1845,piano,7,1,EM,3/4,CT,48,1,32,A,b,PAC,"V,I",N,"[31,1],[4,5]","[31,1.5],[7,5]","[31,2],[7,2]","[31,3],[7,5]","[32,1],[1,1]",n/a,n/a,n/a,n/a,n/a,n/a,n/a,0,0
"Strauss, Johann (II)",1845,piano,7,1,EM,3/4,CT,48,1,40,B,n/a,PAC,"V/V,V",N,"[39,1],[3,2]","[39,2],[3,2]","[39,3],[#4,2]","[40,1],[5,5]","[40,1.5],[#4,5]","[40,2],[5,2]",n/a,n/a,n/a,n/a,n/a,n/a,1,0
"Strauss, Johann (II)",1845,piano,7,1,EM,3/4,CT,48,1,48,B,n/a,PAC,"V/V,V",N,"[47,1],[b3,2]","[47,1.5],[#4,2]","[47,2],[b3,1]","[47,2.5],[2,1]","[47,3],[1,1]","[47,3.5],[6,1]","[48,1],[5,5]",n/a,n/a,n/a,n/a,n/a,0,1
"Strauss, Johann (II)",1845,piano,7,2,EM,3/4,SB,32,1,7,A,n/a,IAC,"V,I",Y,"[6,1],[7,5]","[6,1.25],[3,5]","[6,2],[2,2]","[6,2.25],[7,2]","[6,3],[5,2]","[7,1],[1]","[7,2],[3,3]","[7,2.25],[6,3]","[7,3],[5,3]",n/a,n/a,n/a,1,0
"Strauss, Johann (II)",1845,piano,7,2,EM,3/4,SB,32,1,16,A,n/a,PAC,"V,I",N,"[15,1],[5,5]","[15,1.5],[5,5]","[15,2],[5,7]","[15,3],[5,5]","[16,1],[1,1]",n/a,n/a,n/a,n/a,n/a,n/a,n/a,0,1
"Strauss, Johann (II)",1845,piano,7,2,EM,3/4,SB,32,1,24,B,n/a,IAC,"V/VI,vi",N,"[23,2],[#5,3]","[23,2.25],[3,3]","[23,3],[3,3]","[24,1],[6]","[24,2],[6,3]","[24,2.25],[3,3]","[24,3],[3,3]",n/a,n/a,n/a,n/a,n/a,1,0
"Strauss, Johann (II)",1845,piano,7,2,EM,3/4,SB,32,1,31,B,n/a,PAC,"V,I",N,"[30,2],[7,5]","[30,2.25],[5,5]","[30,3],[5,5]","[31,1],[1,1]",n/a,n/a,n/a,n/a,n/a,n/a,n/a,n/a,0,1
"Strauss, Johann (II)",1845,piano,7,3,AM,3/4,T,32,1,8,A,n/a,HC,"vi,V",N,"[7,1],[1,6]","[7,2],[1,1]","[7,3],[#2,1]","[7,3.5],[3,1]","[8,1],[2,7]",n/a,n/a,n/a,n/a,n/a,n/a,n/a,0,1
"Strauss, Johann (II)",1845,piano,7,3,AM,3/4,T,32,1,16,A,n/a,PAC,"V,I",N,"[15,1],[5,5]","[15,1.5],[5,5]","[15,2],[5,7]","[15,3],[4,5]","[15,3.5],[2,5]","[16,1],[1,1]",n/a,n/a,n/a,n/a,n/a,n/a,0,1
"Strauss, Johann (II)",1845,piano,7,3,AM,3/4,T,32,1,24,B,n/a,PAC,V,N,"[23,1],[1,5]","[23,1.5],[7,5]","[23,2],[5,7]","[23,3.5],[6,7]","[24,1], [6,5]","[24,2],[7]","[24,2.5],[5,7]","[24,3],[5,7]",n/a,n/a,n/a,n/a,1,1
"Strauss, Johann (II)",1845,piano,7,3,AM,3/4,T,32,1,32,B,n/a,PAC,"V/V,V",N,"[31,1],[#4,2]","[31,1.5],[3,2]","[31,2],[2,6]","[31,2.5],[1,6]","[31,3],[6,2]","[31,3.5],[7,2]","[32,1],[5,5]",n/a,n/a,n/a,n/a,n/a,0,1
"Strauss, Johann (II)",1845,piano,7,4,FM,3/4,T,32,1,16,A,n/a,PAC,"V,I",N,"[15,1.5],[5,5]","[15,2],[5,7]","[15,3],[5,5]","[15,3.25],[7,5]","[16,1],[1,1]",n/a,n/a,n/a,n/a,n/a,n/a,n/a,0,1
"Strauss, Johann (II)",1845,piano,7,4,FM,3/4,T,32,1,31,B,n/a,PAC,"V/III,iii",N,"[30,1],[7,7]","[30,2],[7,#2]","[30,2.5],[1,#2]","[30,3],[7,#2]","[31,1],[3,3]",n/a,n/a,n/a,n/a,n/a,n/a,n/a,0,1
"Strauss, Johann (II)",1845,piano,7,5,AM,3/4,SB,48,1,8,A,n/a,HC,I,N,"[7,1],[6,1]","[7,1.5],[6,1]","[7,2],[6,3]","[7,2.5],[5,3]","[7,3],[#4,3]","[7,3.5],[5,3]","[8,1],[1,5]",n/a,n/a,n/a,n/a,n/a,0,0
"Strauss, Johann (II)",1845,piano,7,5,AM,3/4,SB,48,2,"16,32",A,n/a,PAC,"V,I",N,"[15,1],[#4,5]","[15,1.5],[#4,5]","[15,2],[#4,7]","[15,2.5],[5,7]","[15,3],[6,5]","[15,3.5],[7,5]","[16,1],[1,1]",n/a,n/a,n/a,n/a,n/a,0,0
"Strauss, Johann (II)",1845,piano,7,5,AM,3/4,SB,48,1,24,A,n/a,IAC,I,N,"[23,1],[6,1]","[23,2],[6,3]","[23,2.5],[5,3]","[23,3],[#4,3]","[23,3.5],[5,3]","[25,1],[3,1]",n/a,n/a,n/a,n/a,n/a,n/a,0,0
"Strauss, Johann (II)",1845,piano,7,5,AM,3/4,SB,48,1,40,B,n/a,HC,"V/II,II",N,"[39,1],[#1,6]","[39,2],[#1]","[39,2.5],[5,#1]","[39,3],[5,#1]","[40,1],[#4,2]","[40,2],[2]","[40,2.5],[6,2]","[40,3],[6,2]",n/a,n/a,n/a,n/a,1,0
"Strauss, Johann (II)",1845,piano,7,5,AM,3/4,SB,48,1,48,B,n/a,PAC,"V/V,V",N,"[47,1],[2,2]","[47,1.5],[#1,2]","[47,2],[2,6]","[47,2.5],[#4,6]","[47,3],[3,1]","[47,3.5],[2,1]","[48,1],[5,5]",n/a,n/a,n/a,n/a,n/a,0,1
"Strauss, Johann (II)",1845,piano,7,FIN,EM,3/4,n/a,121,1,33,n/a,n/a,HC,"V/V,V",N,"[32,1],[7,2]","[32,2],[7,1]","[32,2.5],[6,1]","[32,3],[6,1]","[33,1],[5,5]",n/a,n/a,n/a,n/a,n/a,n/a,n/a,0,1
"Strauss, Johann (II)",1845,piano,7,FIN,EM,3/4,n/a,121,1,58,n/a,n/a,PAC,"V,I",N,"[57,1],[5]","[57,2],[2,4]","[57,3],[2,4]","[58,1],[1,1]","[58,2],[1,3]",n/a,n/a,n/a,n/a,n/a,n/a,n/a,1,0
"Strauss, Johann (II)",1845,piano,7,FIN,EM,3/4,n/a,121,1,66,n/a,n/a,PAC,"V/bIV,bIV",N,"[65,1],[b1,b1]","[65,1.5],[b3,b1]","[65,2],[b1,b3]","[65,2.5],[b7,b3]","[65,3],[b6,b1]","[65,3.5],[b5,b1]","[66,1],[b4,b4]",n/a,n/a,n/a,n/a,n/a,0,1
"Strauss, Johann (II)",1845,piano,7,FIN,EM,3/4,n/a,121,2,"113,121",n/a,n/a,PAC,"V,I",N,"[112,1],[6,5]","[112,2.5],[5,5]","[112,3],[2,5]","[112,3.5],[5,5]","[113,1],[1,1]",n/a,n/a,n/a,n/a,n/a,n/a,n/a,0,1